timestamp,ax,ay,az,gx,gy,gz,mx,my,mz
1752689867.1203942,-0.0544,0.0029,-1.0144,0.5862,-0.14,-3.045,-0.1557,0.2369,0.5043
1752689867.1685524,-0.056,0.0034,-1.0113,0.21,-0.105,-3.2025,-0.1555,0.2362,0.5387
1752689867.223494,-0.0545,0.0043,-1.0161,0.1837,-0.0788,-2.9313,-0.1536,0.2394,0.5314
1752689867.271894,-0.0549,0.0032,-1.0112,0.1663,-0.0263,-3.08,-0.1572,0.2397,0.534
1752689867.3255382,-0.0513,0.0032,-1.0111,0.2625,-0.1225,-3.0013,-0.1589,0.2342,0.5377
1752689867.3740492,-0.0536,0.0037,-1.014,0.2713,0.0875,-3.1063,-0.1533,0.2391,0.5354
1752689867.427549,-0.053,0.0023,-1.0107,0.21,-0.1312,-2.9225,-0.1522,0.2408,0.5326
1752689867.4758637,-0.0558,0.0043,-1.0118,0.2625,-0.1312,-3.1588,-0.1569,0.2391,0.5369
1752689867.5296314,-0.0546,0.0052,-1.0131,0.2187,0.0088,-2.9488,-0.1562,0.2414,0.527
1752689867.578167,-0.0519,0.0014,-1.0114,0.1312,-0.1312,-3.0625,-0.159,0.2373,0.5355
1752689867.6329114,-0.0561,0.0026,-1.0127,0.455,-0.1663,-2.9488,-0.1554,0.2405,0.5317
1752689867.7609143,-0.0519,0.0033,-1.0114,0.035,-0.1225,-3.0538,-0.155,0.2395,0.5345
1752689867.7857203,-0.054,0.0045,-1.009,0.245,-0.245,-3.15,-0.1551,0.2407,0.5368
1752689867.8095171,-0.0519,0.0032,-1.0112,0.3588,-0.1225,-3.1325,-0.153,0.2366,0.5355
1752689867.8377118,-0.0528,0.0032,-1.0142,0.28,-0.2625,-3.0275,-0.1571,0.2338,0.5309
1752689867.886084,-0.053,0.0023,-1.0108,0.3325,-0.0263,-3.08,-0.1589,0.2391,0.5324
1752689867.9397593,-0.0543,0.0026,-1.0111,0.0263,-0.2187,-2.9838,-0.153,0.2386,0.5285
1752689867.9881322,-0.0576,0.0028,-1.0121,0.1312,0.07,-2.8525,-0.153,0.2409,0.5389
1752689868.04184,-0.052,0.0015,-1.0135,0.2713,-0.0963,-3.0625,-0.1586,0.2405,0.5361
1752689868.0901108,-0.055,0.0048,-1.0128,0.3938,-0.1575,-2.8525,-0.1553,0.2366,0.5384
1752689868.1439004,-0.0533,0.0028,-1.0156,0.3413,-0.1663,-2.9838,-0.156,0.24,0.5372
1752689868.1923575,-0.0556,0.002,-1.0103,0.49,-0.0788,-3.0363,-0.1523,0.2374,0.5384
1752689868.2460513,-0.0548,0.0029,-1.0102,0.14,-0.0088,-3.0713,-0.1516,0.24,0.5313
1752689868.2943652,-0.0509,0.0055,-1.0141,0.2362,0.1575,-3.0975,-0.1527,0.2412,0.5278
1752689868.349018,-0.0538,0.002,-1.0119,0.35,-0.0613,-3.0888,-0.1516,0.2366,0.5321
1752689868.3974602,-0.0536,0.0049,-1.0153,0.3588,-0.0088,-3.01,-0.1537,0.2436,0.5335
1752689868.45111,-0.0521,0.0048,-1.0112,0.3063,-0.1312,-3.0275,-0.1533,0.2369,0.5277
1752689868.4994662,-0.0536,0.0029,-1.0113,0.42,-0.0875,-3.185,-0.1543,0.2376,0.5289
1752689868.55317,-0.0539,0.0002,-1.0119,0.1575,-0.14,-3.0975,-0.1534,0.2397,0.5305
1752689868.6014915,-0.0539,0.0032,-1.0133,0.07,-0.0963,-3.3513,-0.1534,0.238,0.5352
1752689868.6552095,-0.054,0.0029,-1.0141,0.1225,-0.0613,-3.1412,-0.1529,0.2395,0.5253
1752689868.7035978,-0.0516,0.0039,-1.015,0.1312,-0.1138,-3.0625,-0.1502,0.2359,0.5285
1752689868.7583117,-0.054,0.0034,-1.0129,0.0438,-0.21,-3.1412,-0.1546,0.2395,0.53
1752689868.806828,-0.0554,0.0011,-1.0124,0.0525,-0.1312,-3.2638,-0.1511,0.238,0.5278
1752689868.8603067,-0.0557,0.0024,-1.0122,0.0963,-0.0788,-3.0625,-0.154,0.2384,0.5271
1752689868.9085991,-0.0548,0.0046,-1.0127,0.1837,-0.2187,-2.9838,-0.1526,0.2393,0.5323
1752689868.9624248,-0.053,0.003,-1.0138,0.0875,-0.0875,-2.7825,-0.1533,0.2388,0.5312
1752689869.0109253,-0.0527,0.0029,-1.0118,0.3675,-0.035,-3.0888,-0.1511,0.2383,0.533
1752689869.0644147,-0.054,0.0026,-1.0123,0.2187,-0.0788,-3.0275,-0.1511,0.2376,0.5278
1752689869.113055,-0.0547,0.0029,-1.0124,0.3413,-0.175,-3.185,-0.1518,0.2365,0.5331
1752689869.167459,-0.0532,0.0042,-1.015,0.245,-0.0263,-2.8525,-0.1574,0.2405,0.5278
1752689869.2157767,-0.0556,0.0034,-1.0108,0.4025,-0.1575,-3.045,-0.1609,0.2379,0.5345
1752689869.2695045,-0.0526,0.0029,-1.013,0.2625,-0.1138,-3.0013,-0.156,0.24,0.5279
1752689869.317842,-0.0544,0.0027,-1.0109,0.4375,-0.245,-3.3688,-0.1554,0.2363,0.5347
1752689869.3715622,-0.0545,0.0045,-1.0105,0.4025,-0.07,-3.0188,-0.1502,0.2402,0.5312
1752689869.41995,-0.0524,0.0034,-1.0119,0.2538,-0.0875,-2.8438,-0.1548,0.236,0.5291
1752689869.4736269,-0.0549,0.0027,-1.0121,-0.0438,-0.0963,-3.22,-0.1578,0.2404,0.5341
1752689869.5218685,-0.0532,0.0054,-1.0144,0.2362,-0.1138,-2.9663,-0.1536,0.2346,0.5352
1752689869.5766873,-0.0535,0.004,-1.0128,0.3237,-0.1663,-2.8,-0.1527,0.2351,0.5354
1752689869.6251457,-0.0539,0.0051,-1.0149,0.0088,-0.1488,-2.8612,-0.1509,0.2377,0.5354
1752689869.6787503,-0.0541,0.0029,-1.0097,0.105,-0.07,-2.765,-0.1571,0.2379,0.5365
1752689869.7270331,-0.0536,0.004,-1.0124,0.385,-0.2275,-2.9925,-0.1554,0.2415,0.5429
1752689869.7807643,-0.0528,0.0038,-1.0133,0.3763,-0.07,-2.9488,-0.1574,0.2344,0.5351
1752689869.829159,-0.0524,0.0041,-1.0131,0.42,-0.1225,-3.0625,-0.1561,0.2388,0.5344
1752689869.882832,-0.0544,0.0053,-1.0131,0.3325,-0.105,-3.1412,-0.1548,0.238,0.5349
1752689869.9311843,-0.0539,0.0034,-1.0115,0.2362,-0.0788,-2.94,-0.1586,0.2352,0.5405
1752689869.9859288,-0.0539,0.0029,-1.0127,0.0525,-0.0438,-3.0188,-0.1539,0.2379,0.531
1752689870.0344636,-0.0536,0.0048,-1.0136,0.105,-0.0088,-3.1675,-0.16,0.2356,0.5359
1752689870.0879474,-0.0534,0.0041,-1.0133,0.105,0.0,-2.9488,-0.1572,0.2338,0.5313
1752689870.1363142,-0.0537,0.0031,-1.0108,0.3237,-0.1925,-2.9663,-0.1558,0.2379,0.5362
1752689870.190042,-0.0538,0.003,-1.0116,0.3675,-0.1488,-3.2375,-0.1543,0.2346,0.5271
1752689870.2383046,-0.054,0.0041,-1.011,0.3413,-0.0788,-3.1063,-0.1603,0.2376,0.5307
1752689870.2920406,-0.0541,0.0022,-1.0138,0.2888,-0.175,-3.1238,-0.1565,0.2374,0.5358
1752689870.3404388,-0.0553,0.0023,-1.0107,-0.1312,-0.1225,-3.3513,-0.1547,0.2418,0.5338
1752689870.395082,-0.0529,0.0036,-1.0117,0.1575,-0.14,-2.9663,-0.1557,0.2335,0.5293
1752689870.443537,-0.0535,0.0016,-1.0121,0.0,-0.1575,-3.1238,-0.1546,0.2377,0.5316
1752689870.4971397,-0.0528,0.0045,-1.0121,0.315,-0.0963,-3.08,-0.1526,0.2387,0.5284
1752689870.5454788,-0.0526,0.0013,-1.0147,0.245,-0.0263,-3.0538,-0.1558,0.239,0.5383
1752689870.5992115,-0.0539,0.0046,-1.0144,0.14,-0.105,-3.0888,-0.1565,0.2376,0.5373
1752689870.6475363,-0.0536,0.0036,-1.0126,0.1925,-0.1575,-2.87,-0.1611,0.2414,0.534
1752689870.7013912,-0.0547,0.0051,-1.0126,0.3237,-0.1575,-2.835,-0.1544,0.2405,0.5347
1752689870.7498384,-0.0553,0.0021,-1.0122,0.3675,-0.0263,-3.0188,-0.1551,0.24,0.5299
1752689870.8042912,-0.0531,0.003,-1.0086,-0.1925,-0.2013,-3.0888,-0.1557,0.2402,0.5312
1752689870.8527226,-0.055,0.0036,-1.0155,0.28,-0.1225,-3.3513,-0.1562,0.2426,0.5306
1752689870.9063818,-0.054,0.0026,-1.0148,0.0263,-0.1575,-3.0888,-0.1547,0.2391,0.5284
1752689870.9549901,-0.0524,0.0024,-1.0128,-0.0263,-0.0263,-3.0013,-0.1548,0.2395,0.5341
1752689871.0083773,-0.0536,0.0029,-1.0135,0.21,-0.2538,-3.0975,-0.153,0.2379,0.5356
1752689871.0567188,-0.0523,0.0049,-1.0136,0.1138,-0.1837,-3.0275,-0.155,0.2309,0.5307
1752689871.1114511,-0.053,0.0036,-1.0117,0.455,-0.1837,-3.2025,-0.1567,0.2383,0.5298
1752689871.1600003,-0.0528,0.0018,-1.0138,0.0175,-0.1138,-3.2113,-0.1533,0.239,0.5327
1752689871.2134898,-0.0524,0.002,-1.0137,0.0438,-0.0438,-2.9488,-0.1554,0.2395,0.5358
1752689871.261868,-0.0561,0.0013,-1.0127,0.2187,-0.1575,-3.0713,-0.156,0.236,0.5281
1752689871.3156,-0.0523,0.0046,-1.0138,0.4025,-0.1488,-3.2462,-0.1578,0.2411,0.5375
1752689871.364061,-0.0531,0.0046,-1.0138,0.2975,-0.1138,-3.0188,-0.1548,0.2358,0.5404
1752689871.417606,-0.054,0.0016,-1.0125,0.2362,-0.1138,-3.0713,-0.1576,0.2437,0.5341
1752689871.4662519,-0.0516,0.0021,-1.0113,0.1837,-0.1925,-3.0363,-0.1546,0.2397,0.5404
1752689871.520672,-0.056,0.0032,-1.0121,0.3325,-0.1925,-3.1412,-0.1564,0.236,0.539
1752689871.5693989,-0.0524,0.0043,-1.0114,0.5862,-0.1138,-2.8788,-0.1561,0.2388,0.5302
1752689871.6227353,-0.0539,0.0021,-1.0121,0.035,-0.0263,-3.1325,-0.1562,0.2395,0.5298
1752689871.671059,-0.0526,0.0002,-1.0139,0.315,-0.1138,-2.9313,-0.1582,0.2387,0.5319
1752689871.724775,-0.0533,0.0027,-1.0131,0.0263,-0.1138,-3.22,-0.1592,0.2422,0.538
1752689871.773092,-0.0525,0.0045,-1.0142,0.3763,-0.0613,-3.1325,-0.1593,0.2408,0.5347
1752689871.826861,-0.0562,0.0026,-1.0138,0.245,-0.21,-3.0538,-0.1576,0.2405,0.5267
1752689871.8752248,-0.0523,0.0038,-1.0107,0.0963,-0.1312,-3.3075,-0.1548,0.2435,0.532
1752689871.9288912,-0.0544,0.0045,-1.0119,0.4638,-0.2538,-3.0713,-0.1593,0.2372,0.5285
1752689871.9774036,-0.0533,0.0045,-1.0133,0.2625,-0.2013,-3.3513,-0.1534,0.2404,0.5221
1752689872.0319355,-0.0536,0.0047,-1.0122,0.28,-0.07,-3.2288,-0.1564,0.2398,0.5222
1752689872.0803676,-0.0545,0.0043,-1.013,0.2362,-0.07,-3.2113,-0.1558,0.2416,0.5286
1752689872.1340268,-0.0535,0.004,-1.0109,0.0263,-0.1575,-3.185,-0.1551,0.2384,0.531
1752689872.1823184,-0.0537,0.0055,-1.0115,0.3063,-0.0963,-2.9488,-0.1555,0.2384,0.5242
1752689872.2360506,-0.056,0.0023,-1.014,0.2538,-0.1663,-3.1238,-0.1581,0.2358,0.5261
1752689872.2843227,-0.0522,0.0035,-1.0128,0.4725,-0.1663,-2.9575,-0.1579,0.2366,0.5215
1752689872.3391182,-0.0567,0.0024,-1.0138,0.035,-0.1138,-2.9663,-0.1544,0.2415,0.5281
1752689872.387545,-0.0536,0.0038,-1.0103,-0.0088,-0.1312,-3.185,-0.1585,0.24,0.5281
1752689872.441336,-0.0532,0.004,-1.0133,0.2362,-0.1312,-2.8525,-0.1602,0.2414,0.5296
1752689872.4898863,-0.0523,0.0028,-1.013,0.3588,-0.1663,-3.29,-0.1567,0.2408,0.5268
1752689872.5432417,-0.0534,0.0033,-1.0116,0.35,-0.14,-2.9838,-0.1539,0.2388,0.5239
1752689872.5916145,-0.0521,0.0012,-1.0112,0.245,-0.1575,-3.15,-0.1561,0.245,0.5333
1752689872.6452947,-0.0516,0.0041,-1.0127,0.3588,-0.0788,-3.0363,-0.1555,0.2416,0.5278
1752689872.6936486,-0.0546,0.0029,-1.0105,0.21,-0.0175,-3.1675,-0.1551,0.2421,0.5265
1752689872.7483265,-0.0509,0.0028,-1.0147,0.1575,-0.07,-3.185,-0.1569,0.2412,0.5261
1752689872.7965412,-0.0519,0.0023,-1.0127,0.245,-0.14,-3.08,-0.161,0.2432,0.5257
1752689872.8504136,-0.0525,0.0047,-1.0104,0.21,-0.1138,-3.1325,-0.1607,0.2435,0.5316
1752689872.898995,-0.0525,0.0024,-1.0119,0.455,-0.07,-3.0188,-0.1571,0.2397,0.5286
1752689872.952409,-0.0545,0.0016,-1.0147,0.0963,0.0525,-3.08,-0.1544,0.2387,0.5292
1752689873.0007489,-0.0558,0.0051,-1.0128,0.1663,-0.0875,-3.2288,-0.1593,0.2418,0.5305
1752689873.054544,-0.0533,0.0033,-1.013,0.0438,-0.035,-3.0363,-0.1554,0.2405,0.5338
1752689873.1028578,-0.0561,0.0022,-1.0136,0.5862,-0.035,-2.9838,-0.1572,0.2419,0.5334
1752689873.157599,-0.054,0.004,-1.0115,0.28,-0.2275,-3.1937,-0.156,0.2401,0.53
1752689873.206062,-0.0519,0.0053,-1.0146,0.2187,-0.0613,-2.8612,-0.1567,0.2407,0.537
1752689873.259633,-0.0539,0.0053,-1.0147,0.2362,-0.14,-3.0013,-0.1565,0.237,0.5337
1752689873.3240163,-0.0527,0.0047,-1.0122,0.175,-0.0613,-3.1238,-0.155,0.2393,0.5327
1752689873.3720384,-0.0524,0.0035,-1.0134,0.5775,-0.1225,-3.0538,-0.1551,0.2409,0.5305
1752689873.412654,-0.0525,0.0034,-1.011,0.1663,-0.0788,-3.255,-0.1562,0.239,0.5275
1752689873.4611864,-0.0554,0.0035,-1.0117,0.3763,-0.1663,-3.1588,-0.1583,0.2414,0.5246
1752689873.5157301,-0.055,0.0035,-1.0142,0.35,-0.2538,-2.8612,-0.1562,0.2428,0.5317
1752689873.5640266,-0.0522,0.0037,-1.0153,0.175,0.0263,-3.1063,-0.1543,0.2393,0.5333
1752689873.6178255,-0.0533,0.0039,-1.012,0.315,-0.1488,-3.0713,-0.156,0.2384,0.5292
1752689873.6661856,-0.0516,0.0021,-1.0125,0.1138,-0.1663,-3.2113,-0.155,0.2332,0.5317
1752689873.7198448,-0.057,0.0036,-1.0194,0.3237,-0.1138,-3.0888,-0.1574,0.2391,0.5256
1752689873.7682002,-0.0535,0.0045,-1.0109,0.175,-0.0613,-3.1063,-0.1561,0.2387,0.524
1752689873.8219368,-0.0536,0.0024,-1.011,0.2362,-0.14,-3.185,-0.1529,0.2386,0.5373
1752689873.8860903,-0.0539,0.0016,-1.0124,0.21,-0.0963,-3.1675,-0.1583,0.2335,0.5361
1752689873.9249449,-0.0514,0.0035,-1.0176,0.1488,-0.385,-2.9663,-0.1592,0.2408,0.5379
1752689873.973307,-0.0528,0.0056,-1.0119,0.3237,-0.1575,-2.8263,-0.1539,0.2388,0.5312
1752689874.0269463,-0.0547,0.0021,-1.0158,0.2187,-0.175,-3.0538,-0.156,0.2402,0.5342
1752689874.0753312,-0.0515,0.0045,-1.013,0.0088,-0.245,-3.0188,-0.1593,0.2391,0.5405
1752689874.1290069,-0.0556,0.0044,-1.0115,0.315,-0.3063,-2.975,-0.1589,0.2391,0.5316
1752689874.2096155,-0.0523,0.0028,-1.0078,0.2013,-0.1138,-3.0713,-0.1561,0.2381,0.5394
1752689874.2310843,-0.0533,0.0053,-1.0122,0.1575,-0.2713,-3.0363,-0.1557,0.2383,0.5341
1752689874.2795646,-0.0558,0.0013,-1.0167,0.315,-0.0875,-3.0888,-0.1578,0.2412,0.5303
1752689874.3341212,-0.0522,0.0048,-1.0121,0.1925,-0.0613,-3.0363,-0.1588,0.2422,0.5391
1752689874.3823886,-0.0567,0.0038,-1.0121,0.315,-0.1575,-2.9488,-0.1537,0.2376,0.5368
1752689874.4361663,-0.0534,0.0023,-1.0137,0.2187,-0.2013,-2.9575,-0.1597,0.2456,0.5341
1752689874.4845626,-0.0525,0.0033,-1.0135,0.3413,-0.0438,-2.8963,-0.1575,0.2415,0.5312
1752689874.5382628,-0.0556,0.0056,-1.0154,0.175,-0.2625,-3.1325,-0.1614,0.2457,0.5307
1752689874.5866137,-0.0529,0.003,-1.0113,0.2362,-0.2888,-3.2638,-0.1575,0.246,0.5345
1752689874.6412694,-0.0547,0.0049,-1.0146,0.1488,-0.1925,-3.1063,-0.1618,0.2409,0.5405
1752689874.6896935,-0.0527,0.0032,-1.0159,0.3938,-0.3063,-2.9488,-0.1602,0.2437,0.5327
1752689874.743288,-0.055,0.0039,-1.009,0.105,-0.1488,-3.115,-0.1599,0.2367,0.541
1752689874.7916076,-0.055,0.0029,-1.0116,0.1837,-0.1925,-3.2462,-0.1603,0.2415,0.5354
1752689874.845602,-0.0548,0.0029,-1.0128,0.2713,-0.0175,-3.255,-0.1595,0.24,0.5335
1752689874.8936648,-0.052,0.0019,-1.0135,0.4025,-0.2275,-3.15,-0.1609,0.2374,0.5323
1752689874.947393,-0.0517,0.0037,-1.0106,0.1575,-0.0263,-3.08,-0.1603,0.2432,0.5316
1752689874.996077,-0.0523,0.0032,-1.0125,0.2975,-0.0875,-3.22,-0.1557,0.2404,0.5296
1752689875.0505083,-0.0544,0.003,-1.0103,0.28,-0.0525,-3.0013,-0.1603,0.2355,0.5313
1752689875.1151526,-0.0506,0.0046,-1.0146,0.1312,-0.0263,-3.0188,-0.1548,0.2379,0.5285
1752689875.1524901,-0.0525,0.0032,-1.0116,0.3938,-0.0438,-3.2462,-0.1581,0.2376,0.5359
1752689875.2007449,-0.0541,0.0018,-1.0127,0.4025,-0.3938,-3.325,-0.1571,0.2401,0.5337
1752689875.2545457,-0.0528,0.0041,-1.0121,0.2362,-0.1312,-2.9663,-0.1557,0.2416,0.5328
1752689875.302915,-0.0544,0.0046,-1.0125,0.2975,-0.1312,-3.1238,-0.1574,0.2415,0.5335
1752689875.3566573,-0.0553,0.0041,-1.0119,0.035,-0.0963,-3.2375,-0.1588,0.2402,0.5305
1752689875.437184,-0.0538,0.0043,-1.0153,0.2975,-0.1488,-3.045,-0.1562,0.237,0.5309
1752689875.4596384,-0.0527,0.0058,-1.0002,0.105,-0.1312,-3.2462,-0.1561,0.2387,0.5331
1752689875.5079954,-0.0554,0.0032,-1.0148,0.5425,-0.1488,-2.9313,-0.156,0.2376,0.5347
1752689875.5616958,-0.0529,0.0053,-1.0094,0.0613,-0.1488,-3.15,-0.1576,0.2388,0.5323
1752689875.6100903,-0.0539,0.0051,-1.0115,-0.035,-0.1312,-3.3075,-0.1578,0.2363,0.5299
1752689875.663759,-0.0532,0.0036,-1.0114,0.2187,-0.0525,-2.9488,-0.1579,0.2387,0.5316
1752689875.7120583,-0.0551,0.0035,-1.0106,0.1575,0.0088,-2.9488,-0.1571,0.2365,0.5317
1752689875.7658231,-0.0528,0.0026,-1.0128,0.4112,0.0525,-3.01,-0.1568,0.2367,0.5328
1752689875.8141298,-0.0544,0.0026,-1.0111,0.3237,0.035,-2.87,-0.1611,0.2436,0.5303
1752689875.8688655,-0.0533,0.0023,-1.0125,0.0438,-0.0525,-3.2638,-0.1575,0.239,0.5319
1752689875.9172244,-0.0525,0.0027,-1.0135,0.2187,-0.2888,-3.1238,-0.1613,0.2372,0.5324
1752689875.9709542,-0.0551,0.0037,-1.0116,0.175,-0.1837,-3.0975,-0.1599,0.2414,0.526
1752689876.0193913,-0.0556,0.0045,-1.0168,0.4375,-0.2975,-3.1588,-0.1628,0.239,0.5323
1752689876.0729578,-0.0524,0.0029,-1.0104,0.0788,-0.245,-2.7037,-0.1588,0.2414,0.5323
1752689876.1215954,-0.0538,0.0013,-1.0124,0.0613,-0.1575,-3.0625,-0.16,0.2365,0.5299
1752689876.1750484,-0.058,0.0015,-1.0143,0.1925,-0.1837,-3.08,-0.1634,0.2435,0.5328
1752689876.2235045,-0.0542,0.0033,-1.0155,0.2187,-0.0175,-3.2288,-0.1565,0.2404,0.5314
1752689876.2781103,-0.0543,0.0013,-1.0139,0.1575,-0.0875,-3.1412,-0.153,0.2405,0.5303
1752689876.326305,-0.0532,0.0021,-1.0124,0.245,-0.105,-3.1063,-0.161,0.2429,0.5247
1752689876.3801308,-0.0522,0.002,-1.0103,0.0263,-0.0263,-2.9313,-0.1557,0.2446,0.5307
1752689876.428384,-0.054,0.0026,-1.0144,0.3325,-0.07,-3.0013,-0.1578,0.2421,0.5375
1752689876.482204,-0.0538,0.0044,-1.0125,0.2888,-0.1312,-3.0275,-0.1592,0.2456,0.5313
1752689876.5308137,-0.0537,0.0027,-1.0146,0.2187,-0.0963,-2.9488,-0.1604,0.2408,0.5265
1752689876.6590393,-0.0534,0.003,-1.0097,0.4725,-0.105,-2.8788,-0.1557,0.2401,0.5323
1752689876.6905837,-0.0534,0.0035,-1.0131,0.665,-0.1837,-2.9313,-0.1567,0.2386,0.5299
1752689876.7162538,-0.0541,0.0017,-1.0129,0.0788,-0.0438,-3.0713,-0.1585,0.2402,0.53
1752689876.7483706,-0.0532,0.0012,-1.0145,0.4725,-0.0175,-2.9663,-0.1576,0.2405,0.5278
1752689876.7894888,-0.055,0.004,-1.0157,0.3588,-0.1312,-3.1763,-0.1532,0.2383,0.5285
1752689876.8377106,-0.055,0.0015,-1.0143,-2.0825,-0.28,-3.1763,-0.1576,0.2356,0.5285
1752689876.891371,-0.0556,0.0032,-1.0124,0.35,-0.2625,-2.9663,-0.1558,0.2402,0.5396
1752689876.9397266,-0.0529,0.0031,-1.013,0.0525,-0.0613,-3.0363,-0.1564,0.2404,0.5272
1752689876.994469,-0.0525,0.0026,-1.0127,0.1925,-0.0088,-3.045,-0.1562,0.243,0.5302
1752689877.043055,-0.056,0.0028,-1.0106,0.4112,-0.1138,-2.9313,-0.1537,0.2402,0.5319
1752689877.096471,-0.0532,0.0024,-1.0124,0.035,-0.175,-3.1238,-0.1564,0.2374,0.525
1752689877.145042,-0.0524,0.0018,-1.0103,0.2975,-0.2013,-3.1238,-0.1569,0.239,0.5319
1752689877.1985562,-0.0554,0.0042,-1.015,0.35,-0.105,-3.0363,-0.1581,0.2355,0.5293
1752689877.2467484,-0.0548,0.0027,-1.0138,0.2625,0.0,-3.045,-0.1578,0.243,0.5233
1752689877.3005557,-0.0557,0.0029,-1.0122,0.3763,0.0,-3.0188,-0.1567,0.2339,0.5253
1752689877.3495636,-0.0562,0.0045,-1.0114,0.1488,-0.0613,-3.0013,-0.1564,0.2346,0.5298
1752689877.402648,-0.0547,0.0019,-1.0138,0.3325,0.0963,-2.9925,-0.1602,0.2358,0.5286
1752689877.4511013,-0.0531,0.0018,-1.0102,0.3413,-0.1312,-3.0713,-0.1551,0.2376,0.5293
1752689877.505699,-0.0522,0.0034,-1.0114,0.14,-0.0963,-2.765,-0.1596,0.2334,0.533
1752689877.55397,-0.0539,0.0037,-1.0109,0.1488,-0.1837,-2.9663,-0.1569,0.2398,0.5309
1752689877.6077368,-0.0531,0.0051,-1.0119,0.4462,-0.1138,-3.185,-0.1555,0.2387,0.5361
1752689877.6560977,-0.052,0.0029,-1.011,0.1575,-0.1312,-3.1063,-0.1576,0.2393,0.5286
1752689877.709832,-0.0536,0.0023,-1.0122,0.14,-0.2187,-3.045,-0.155,0.2367,0.5375
1752689877.758262,-0.0523,0.0031,-1.0115,0.4375,-0.3675,-3.2288,-0.1574,0.2402,0.5347
1752689877.8128364,-0.0567,0.0037,-1.0125,0.0,-0.3325,-3.185,-0.1583,0.2411,0.5338
1752689877.86122,-0.0542,0.0028,-1.015,0.2538,-0.0438,-3.0888,-0.1537,0.2372,0.5319
1752689877.9149148,-0.0542,0.0037,-1.015,0.3325,-0.1488,-2.835,-0.1571,0.2384,0.5305
1752689877.9632797,-0.0549,-0.0001,-1.0127,0.2275,-0.1837,-3.15,-0.1558,0.2381,0.5296
1752689878.0169425,-0.0548,0.0029,-1.0122,0.0613,-0.0613,-3.1238,-0.1548,0.2408,0.5265
1752689878.113308,-0.0544,0.0034,-1.0117,0.245,-0.21,-3.1588,-0.1582,0.2391,0.5317
1752689878.1611998,-0.0544,0.0023,-1.0153,0.14,-0.1837,-3.22,-0.1603,0.2421,0.5323
1752689878.182828,-0.0533,0.0032,-1.0116,0.2275,-0.105,-3.1937,-0.1548,0.2394,0.5257
1752689878.222001,-0.0555,0.0011,-1.0122,0.0788,-0.0088,-3.15,-0.1581,0.2395,0.5354
1752689878.2702124,-0.0531,0.0032,-1.0123,0.3588,-0.1138,-3.0363,-0.1592,0.2421,0.5305
1752689878.3240385,-0.0549,0.0056,-1.0141,0.21,-0.2013,-3.1238,-0.1576,0.2414,0.5268
1752689878.3725648,-0.0534,0.0018,-1.0124,0.28,-0.1225,-3.0713,-0.1593,0.243,0.5299
1752689878.4261632,-0.0534,0.0041,-1.0134,0.42,0.0263,-2.9488,-0.1583,0.2423,0.5365
1752689878.4744844,-0.0537,0.0041,-1.0136,0.2975,-0.07,-2.7738,-0.1568,0.239,0.5316
1752689878.5281758,-0.0515,0.003,-1.0114,0.1488,0.105,-3.0888,-0.1551,0.2435,0.523
1752689878.5766394,-0.054,0.0038,-1.0135,0.2538,-0.035,-3.0275,-0.156,0.2416,0.5303
1752689878.631246,-0.054,0.0041,-1.0123,0.0,-0.1312,-3.115,-0.1568,0.2401,0.5281
1752689878.6797209,-0.0524,0.0032,-1.0108,0.3237,-0.1663,-3.0363,-0.1557,0.2414,0.5246
1752689878.73332,-0.0538,0.0034,-1.0147,0.1575,-2.24,-2.94,-0.1555,0.2436,0.5265
1752689878.7817042,-0.054,0.0036,-1.0127,0.035,-0.105,-3.0013,-0.1555,0.244,0.5293
1752689878.8353744,-0.052,0.0063,-1.0299,0.3588,-0.1837,-3.115,-0.1602,0.2409,0.5216
1752689878.8839338,-0.0524,0.0034,-1.0148,0.2362,-0.1663,-3.2288,-0.1588,0.2397,0.5243
1752689878.9373786,-0.0547,0.0052,-1.0131,0.2975,-0.315,-3.0625,-0.1593,0.238,0.5254
1752689878.9857976,-0.054,0.0026,-1.0119,0.2538,-0.1138,-3.1588,-0.1543,0.2386,0.5326
1752689879.040445,-0.0528,0.0036,-1.0149,0.3063,-0.0175,-3.1238,-0.1543,0.2416,0.5372
1752689879.0887406,-0.0556,0.0026,-1.0141,0.21,-0.0525,-3.0275,-0.1574,0.2461,0.5356
1752689879.1425152,-0.0536,0.0026,-1.0147,0.315,-0.0263,-3.0013,-0.1546,0.2435,0.5263
1752689879.2066865,-0.0549,0.0037,-1.0121,0.315,-0.1663,-3.0013,-0.1596,0.2415,0.5317
1752689879.2445514,-0.0526,0.0041,-1.0119,0.2888,-0.035,-3.0363,-0.1554,0.239,0.5293
1752689879.292902,-0.054,0.0023,-1.0129,-0.0263,-0.0438,-3.08,-0.159,0.2395,0.532
1752689879.346572,-0.054,0.0033,-1.0141,0.1837,0.0263,-2.87,-0.1568,0.2409,0.5328
1752689879.3952677,-0.0545,0.0038,-1.0122,0.2362,-0.07,-3.4475,-0.1553,0.2397,0.5328
1752689879.449658,-0.0527,0.0048,-1.0133,0.1575,-0.1575,-3.0625,-0.1578,0.2422,0.5323
1752689879.4980278,-0.0515,0.0021,-1.0123,0.3413,-0.0525,-3.01,-0.1567,0.2415,0.532
1752689879.5517738,-0.0542,0.0042,-1.0126,0.3938,-0.07,-2.905,-0.1561,0.2411,0.5347
1752689879.6003225,-0.0521,0.0032,-1.0114,0.0613,-0.0175,-2.975,-0.1586,0.2407,0.5337
1752689879.6538084,-0.0562,0.0034,-0.9997,0.455,0.0438,-3.08,-0.1606,0.2425,0.5362
1752689879.7023551,-0.0512,0.0018,-1.0127,0.0438,-0.0788,-3.0975,-0.1576,0.2442,0.5375
1752689879.7558422,-0.0539,0.0049,-1.0095,0.2362,-0.1925,-2.9575,-0.1606,0.2418,0.5281
1752689879.8042648,-0.0548,0.0034,-1.0152,0.3763,-0.0963,-3.0013,-0.1571,0.2409,0.5383
1752689879.858921,-0.0533,0.0036,-1.0114,0.4025,-0.2975,-3.0625,-0.1582,0.2369,0.5267
1752689879.9072406,-0.0528,0.0018,-1.0145,0.2975,-0.105,-2.975,-0.1569,0.2426,0.5317
1752689879.9609478,-0.0542,0.0037,-1.0141,0.28,-0.1663,-3.1412,-0.1592,0.2429,0.5303
1752689880.0096724,-0.0523,0.0013,-1.0144,0.175,-0.0963,-3.3163,-0.1572,0.2381,0.5306
1752689880.062997,-0.055,0.0021,-1.0129,0.1138,0.0,-3.2638,-0.1572,0.2419,0.5251
1752689880.111454,-0.0542,0.0029,-1.0116,0.3325,0.1312,-3.0975,-0.1553,0.2351,0.5344
1752689880.1660268,-0.0539,0.0046,-1.012,0.1837,-0.105,-3.0188,-0.1574,0.2433,0.5313
1752689880.2142327,-0.0561,0.0046,-1.0117,0.455,-0.105,-3.2025,-0.1533,0.2376,0.5289
1752689880.2680736,-0.0531,0.0019,-1.0139,0.2625,-0.3325,-3.115,-0.1543,0.2348,0.5263
1752689880.316601,-0.0553,0.0035,-1.0103,0.3063,-0.035,-3.1325,-0.1541,0.2363,0.531
1752689880.370143,-0.0536,0.0014,-1.0131,0.175,-0.0875,-2.8963,-0.1596,0.2359,0.5323
1752689880.4184525,-0.0519,0.004,-1.0133,0.4112,-0.1663,-3.1325,-0.1555,0.2398,0.5299
1752689880.472165,-0.0534,0.0052,-1.0147,0.21,-0.0263,-2.9838,-0.1547,0.2408,0.5404
1752689880.5205624,-0.0549,0.0034,-1.013,0.3237,-0.0613,-3.1325,-0.1551,0.2401,0.5352
1752689880.5752406,-0.0542,0.0026,-1.0141,0.175,-0.1225,-3.115,-0.1581,0.238,0.5326
1752689880.6237872,-0.055,0.0033,-1.0156,0.2275,-0.0613,-2.9838,-0.1596,0.2407,0.5232
1752689880.6772745,-0.0557,0.0024,-1.0134,0.35,-0.035,-3.185,-0.1586,0.2352,0.5438
1752689880.7256417,-0.0529,0.0018,-1.0121,0.1575,-0.1138,-3.22,-0.1537,0.2384,0.5347
1752689880.779298,-0.0526,0.0031,-1.0144,0.385,-0.105,-3.2638,-0.1526,0.2379,0.533
1752689880.8276749,-0.0559,0.0034,-1.0141,0.1138,-0.2362,-3.0625,-0.1579,0.2388,0.5326
1752689880.8815944,-0.0528,0.0055,-1.0156,0.2975,-0.14,-3.0713,-0.1581,0.238,0.5249
1752689880.9300036,-0.0546,0.0048,-1.0142,0.1575,0.07,-3.08,-0.1583,0.2415,0.5345
1752689880.9844418,-0.0536,0.0046,-1.0118,-0.0175,-0.3413,-2.975,-0.1595,0.2412,0.5279
1752689881.0328069,-0.0537,0.0026,-1.012,0.0875,0.035,-3.15,-0.1589,0.2395,0.5228
1752689881.08654,-0.0523,0.0028,-1.0114,0.2538,-0.0788,-3.1412,-0.1569,0.236,0.5307
1752689881.1351411,-0.0525,0.0038,-1.0148,0.35,0.0963,-2.975,-0.1536,0.238,0.5337
1752689881.188535,-0.0522,0.0031,-1.0123,0.035,-0.07,-2.8875,-0.1611,0.2377,0.5279
1752689881.2528799,-0.0535,0.0038,-1.0121,0.315,-0.1925,-3.0713,-0.1588,0.2461,0.5341
1752689881.2906575,-0.0512,0.0027,-1.0111,0.0788,-0.0525,-3.3163,-0.1593,0.2395,0.5305
1752689881.338978,-0.0533,0.0036,-1.0145,0.2538,-0.07,-3.1063,-0.1583,0.239,0.53
1752689881.3936343,-0.0542,0.004,-1.015,0.3675,-0.3237,-2.9925,-0.1561,0.2423,0.5335
1752689881.4421475,-0.0536,0.0044,-1.0148,0.1138,-0.1138,-3.2462,-0.1509,0.239,0.5293
1752689881.4956822,-0.055,0.0011,-1.0136,0.1575,-0.1225,-3.0275,-0.1579,0.2397,0.5257
1752689881.5442252,-0.0544,0.0034,-1.0131,0.105,-0.2538,-2.9575,-0.155,0.2401,0.5341
1752689881.597823,-0.0529,0.0055,-1.0138,0.2013,-0.0613,-3.2113,-0.1613,0.2398,0.5358
1752689881.6460848,-0.0589,0.0037,-1.0103,0.2538,-2.2138,-3.0188,-0.1515,0.2409,0.5313
1752689881.6997993,-0.0544,0.0039,-1.0149,0.175,-0.1575,-2.9925,-0.1537,0.238,0.5286
1752689881.7639966,-0.0532,0.0022,-1.0119,0.0963,-0.0438,-3.1063,-0.156,0.2359,0.5302
1752689881.8029466,-0.0562,0.0052,-1.0126,0.245,-0.175,-3.1063,-0.1588,0.2352,0.5384
1752689881.851263,-0.0523,0.0033,-1.0152,0.2625,-0.1488,-3.0275,-0.1548,0.2405,0.5265
1752689881.904818,-0.054,0.001,-1.0127,0.4638,0.0,-3.1325,-0.1547,0.2358,0.5271
1752689881.9532714,-0.0534,0.0028,-1.0119,0.1225,-0.0875,-2.765,-0.1511,0.2365,0.5327
1752689882.0071044,-0.053,0.0039,-1.0106,0.1138,-0.1488,-2.94,-0.1553,0.2405,0.5309
1752689882.0553253,-0.0533,0.0034,-1.0102,0.455,-0.1225,-3.0625,-0.1571,0.2356,0.5279
1752689882.109965,-0.0544,0.0024,-1.0114,0.3675,0.0438,-3.15,-0.1588,0.2355,0.5352
1752689882.158285,-0.055,0.0054,-1.0132,0.1837,-0.1138,-2.8963,-0.1555,0.2394,0.533
1752689882.2120242,-0.054,0.0026,-1.0085,0.4638,-0.07,-2.8963,-0.1562,0.2415,0.5366
1752689882.2603545,-0.0529,0.0054,-1.0122,0.28,-0.2713,-2.9838,-0.1597,0.2391,0.5323
1752689882.3141286,-0.0542,0.0028,-1.0217,0.28,-0.1663,-3.1588,-0.1592,0.2387,0.5317
1752689882.362427,-0.0531,0.0044,-1.0197,0.21,-0.035,-2.8963,-0.1527,0.2407,0.5292
1752689882.416114,-0.0545,0.0017,-1.0122,0.0525,-0.0613,-3.08,-0.1551,0.2395,0.5277
1752689882.4644651,-0.0517,0.0024,-1.0093,0.0,-2.2225,-2.9575,-0.1558,0.2356,0.5281
1752689882.5182364,-0.0515,0.0018,-1.0116,0.2013,-0.105,-3.3338,-0.163,0.2426,0.5354
1752689882.5736609,-0.0539,0.0024,-1.0124,-0.0088,-0.0963,-3.2462,-0.1543,0.2398,0.5333
1752689882.6214404,-0.054,0.0008,-1.0113,0.3063,0.0963,-3.1937,-0.1546,0.239,0.5327
1752689882.6696665,-0.0534,0.0032,-1.0086,0.3063,0.07,-3.1063,-0.1525,0.2381,0.5365
1752689882.7233322,-0.0523,0.0045,-1.0115,0.2187,-0.0963,-3.2288,-0.154,0.236,0.5268
1752689882.7717204,-0.0534,0.0033,-1.0126,0.4112,-0.07,-2.9313,-0.1597,0.2391,0.5324
1752689882.8253517,-0.0513,0.0032,-1.011,0.2888,-0.0875,-3.1588,-0.1557,0.2388,0.53
1752689882.8737133,-0.0543,0.0026,-1.0117,0.35,-0.21,-2.7913,-0.1511,0.2327,0.5321
1752689882.9284163,-0.0533,0.0006,-1.0141,0.2187,-0.1225,-3.0713,-0.1533,0.2401,0.5298
1752689882.9770143,-0.0551,0.0042,-1.015,0.0438,-0.175,-3.0013,-0.1506,0.2344,0.5319
1752689883.0304685,-0.0523,0.0028,-1.0124,0.3763,-0.1312,-3.2638,-0.1515,0.2327,0.5327
1752689883.078819,-0.0542,0.0049,-1.0118,0.1663,0.1138,-3.22,-0.1564,0.2344,0.5264
1752689883.1325538,-0.0564,0.0032,-1.0114,0.105,0.0,-3.15,-0.1603,0.2387,0.5347
1752689883.180785,-0.0539,0.0044,-1.0146,0.1488,-0.2538,-2.94,-0.1567,0.2341,0.5382
1752689883.2346354,-0.0537,0.0046,-1.0137,0.0963,-0.1312,-3.2375,-0.1543,0.2374,0.5344
1752689883.2832139,-0.0541,0.0025,-1.0134,0.2275,-0.2013,-3.0188,-0.1505,0.2337,0.533
1752689883.3376582,-0.0538,0.0037,-1.0112,0.21,-0.1837,-3.045,-0.1539,0.2346,0.5288
1752689883.386139,-0.053,0.0024,-1.0132,0.1663,0.0088,-2.8263,-0.1571,0.2342,0.5302
1752689883.4397326,-0.0525,0.0022,-1.0143,0.2888,-0.07,-3.255,-0.1526,0.2339,0.5359
1752689883.4879775,-0.0534,0.0027,-1.0104,0.2362,-0.1312,-3.0013,-0.1547,0.2348,0.5376
1752689883.5418026,-0.0554,0.0057,-1.0107,0.2888,0.0175,-3.0013,-0.1554,0.2374,0.5396
1752689883.590277,-0.0526,0.0029,-1.0135,0.1925,-0.1837,-3.4038,-0.1564,0.2369,0.5307
1752689883.6438074,-0.0545,0.0031,-1.0119,-0.0175,-0.0613,-3.0538,-0.1588,0.2346,0.5365
1752689883.6923926,-0.0557,0.0035,-1.0136,0.0088,-0.0613,-3.2025,-0.1576,0.2325,0.537
1752689883.7469187,-0.053,0.0012,-1.0119,0.2625,-0.0963,-3.2025,-0.159,0.2342,0.5358
1752689883.7953784,-0.0548,0.0034,-1.0146,0.21,-0.1138,-3.0275,-0.1576,0.2337,0.5314
1752689883.8489575,-0.0533,0.001,-1.0128,-0.0175,-0.1225,-3.0625,-0.1553,0.2348,0.5368
1752689883.8973784,-0.0529,0.0032,-1.0132,0.3325,-0.1488,-3.255,-0.1526,0.2352,0.532
1752689883.9509757,-0.0554,0.002,-1.0088,0.3325,-0.1312,-3.1063,-0.1574,0.2373,0.5398
1752689883.9993033,-0.0531,0.0009,-1.0113,0.2625,-0.0613,-3.0625,-0.1567,0.2397,0.533
1752689884.0540693,-0.0547,0.007,-1.0147,0.035,-0.1225,-3.0625,-0.1589,0.237,0.5333
1752689884.1823,-0.0532,0.0017,-1.0143,-0.1225,-0.1837,-2.9575,-0.1565,0.2366,0.5323
1752689884.1988614,-0.0511,0.0044,-1.0133,0.1575,-0.14,-2.8963,-0.1519,0.239,0.5407
1752689884.2241294,-0.0518,0.0076,-1.013,0.2713,-0.2362,-3.1325,-0.1541,0.2379,0.5331
1752689884.2563684,-0.0563,0.0043,-1.0116,0.1488,-0.1663,-3.185,-0.1575,0.2381,0.5275
1752689884.309195,-0.0542,0.0038,-1.0116,0.2975,-0.1225,-2.87,-0.154,0.2346,0.5359
1752689884.357742,-0.0526,0.0037,-1.0144,0.3237,-0.0088,-2.9313,-0.1575,0.2412,0.5319
1752689884.4113312,-0.0555,0.0029,-1.0116,0.2713,-0.1837,-3.1588,-0.1558,0.2388,0.5384
1752689884.4600625,-0.0523,0.0027,-1.015,0.4112,-0.0613,-3.2375,-0.1522,0.2401,0.5355
1752689884.513302,-0.0514,0.0026,-1.0108,0.1225,0.0263,-2.9138,-0.1527,0.2372,0.5373
1752689884.5719192,-0.0528,0.0031,-1.0113,0.0613,-0.0175,-3.1675,-0.1553,0.2391,0.5335
1752689884.6163855,-0.0542,0.0022,-1.0147,0.2625,-0.0263,-3.1763,-0.1548,0.2388,0.5383
1752689884.664633,-0.0535,0.001,-1.0107,0.2538,-0.0088,-3.2375,-0.1547,0.2345,0.5321
1752689884.7184143,-0.0544,0.004,-1.0134,0.2625,-0.1663,-3.0363,-0.1544,0.2355,0.5312
1752689884.7666442,-0.0551,0.0051,-1.0117,0.455,-0.1312,-3.0625,-0.159,0.2384,0.5351
1752689884.8204358,-0.0536,0.002,-1.0173,0.1663,-0.1225,-3.01,-0.1546,0.2381,0.5338
1752689884.8690565,-0.0515,0.0027,-1.0119,0.2975,0.0088,-3.0363,-0.1592,0.2373,0.5376
1752689884.923502,-0.054,0.0041,-1.0115,0.1925,-0.035,-3.1063,-0.1574,0.2352,0.5355
1752689884.9722486,-0.0534,0.0048,-1.0131,0.14,-0.1138,-3.2813,-0.1568,0.2386,0.5361
1752689885.0256138,-0.0531,0.0043,-1.0114,0.2362,-0.1138,-3.1325,-0.1617,0.2358,0.5345
1752689885.0743127,-0.0545,0.0026,-1.0133,0.1837,-0.0613,-2.8263,-0.1582,0.2381,0.5338
1752689885.1275496,-0.054,0.0026,-1.0121,0.175,-0.035,-3.0188,-0.1583,0.2337,0.5373
1752689885.1762557,-0.0544,0.004,-1.0126,0.0525,-0.2625,-3.1675,-0.1548,0.2419,0.5359
1752689885.2296302,-0.0521,0.0036,-1.0119,0.21,-0.1575,-3.0888,-0.1567,0.2365,0.533
1752689885.2780917,-0.0539,0.0029,-1.0132,0.2888,-0.1925,-3.01,-0.1527,0.2359,0.5261
1752689885.3326778,-0.0544,0.0029,-1.0111,0.315,-0.2888,-3.0975,-0.1533,0.2367,0.5299
1752689885.3810568,-0.0531,0.0011,-1.0128,0.385,-0.1575,-2.8963,-0.1576,0.2377,0.5312
1752689885.4347482,-0.0544,0.0049,-1.0126,0.0438,-0.2013,-3.2462,-0.1614,0.2386,0.5313
1752689885.4831986,-0.0545,0.0037,-1.015,0.1312,0.0263,-3.1412,-0.1589,0.2381,0.5373
1752689885.5368278,-0.0537,0.0032,-1.0142,0.5075,0.0875,-3.1063,-0.1565,0.2352,0.5355
1752689885.5853186,-0.0566,0.0024,-1.0132,0.2275,-0.3063,-3.2375,-0.1578,0.2387,0.534
1752689885.6388497,-0.0558,0.0037,-1.0106,0.14,-0.1663,-3.0625,-0.1571,0.2404,0.531
1752689885.6871917,-0.0542,0.0013,-1.0096,0.0,-0.2362,-3.1937,-0.1586,0.2421,0.5296
1752689885.7419612,-0.0566,0.0039,-1.012,0.175,-0.2013,-2.975,-0.161,0.2363,0.5319
1752689885.7900915,-0.0558,0.0049,-1.0122,0.3938,-0.0788,-3.08,-0.1534,0.238,0.5306
1752689885.843935,-0.0529,0.0031,-1.013,0.4725,-0.21,-3.15,-0.1553,0.2351,0.5331
1752689885.892303,-0.0545,0.0038,-1.0131,0.525,0.0,-2.8087,-0.161,0.2408,0.5286
1752689885.946017,-0.0523,0.0025,-1.0124,0.2013,-0.1488,-3.185,-0.1586,0.2379,0.5331
1752689885.9943106,-0.054,0.0032,-1.0121,0.07,-0.1925,-3.4038,-0.1564,0.2387,0.5298
1752689886.0490053,-0.0528,0.0035,-1.014,0.2013,-0.1225,-3.0275,-0.1596,0.2405,0.539
1752689886.0977886,-0.0547,0.0047,-1.0116,0.3063,-0.0438,-2.9838,-0.1565,0.2407,0.5347
1752689886.1511266,-0.0552,0.0031,-1.0133,0.175,-0.1575,-3.08,-0.1557,0.2388,0.5335
1752689886.1992986,-0.0536,0.0044,-1.0112,0.3588,-0.1138,-3.1063,-0.1548,0.2366,0.5344
1752689886.2531164,-0.054,0.0027,-1.0121,0.245,-0.3063,-3.045,-0.1548,0.2405,0.5279
1752689886.301962,-0.0527,0.0035,-0.9997,0.0613,-0.0788,-3.2638,-0.1536,0.2373,0.5334
1752689886.355172,-0.0533,0.002,-1.0103,0.3763,-0.0088,-3.1325,-0.1522,0.2398,0.5226
1752689886.4037626,-0.0539,0.004,-1.0124,0.3938,0.0,-3.0975,-0.1539,0.2377,0.5288
1752689886.4582515,-0.0534,0.0039,-1.011,0.1575,-0.0088,-3.0188,-0.1539,0.2373,0.5324
1752689886.5063639,-0.054,0.0035,-1.0125,0.21,-0.0263,-3.0013,-0.1585,0.2381,0.5279
1752689886.5602355,-0.0538,0.0029,-1.0127,0.0088,0.0,-2.835,-0.155,0.2344,0.5239
1752689886.6089237,-0.0563,0.0043,-1.0124,0.2538,-0.14,-3.0188,-0.1546,0.2379,0.5317
1752689886.6623538,-0.0535,0.0054,-1.0121,-0.0263,-0.0613,-3.115,-0.1529,0.2402,0.5327
1752689886.7109737,-0.0537,0.0057,-1.0135,0.1488,-0.1488,-3.3338,-0.1513,0.2426,0.5288
1752689886.7643175,-0.0577,0.0024,-1.0146,0.2275,0.0525,-3.2113,-0.1554,0.2384,0.5351
1752689886.8130696,-0.0556,0.0021,-1.0124,0.105,-0.0875,-3.255,-0.1568,0.2369,0.5313
1752689886.8673828,-0.0524,0.0022,-1.0139,0.3763,-0.0088,-3.0888,-0.1557,0.24,0.5348
1752689886.9157712,-0.0531,0.0043,-1.0139,0.4025,0.0088,-3.1325,-0.1546,0.2402,0.524
1752689886.9694722,-0.0508,0.0057,-1.0113,0.2888,-0.0263,-3.15,-0.1557,0.2409,0.5313
1752689887.0181189,-0.0524,0.0009,-1.013,0.3325,0.1925,-3.2638,-0.1582,0.2397,0.5256
1752689887.0714886,-0.0531,0.0027,-1.0128,0.14,-0.07,-3.045,-0.1555,0.2419,0.5333
1752689887.1202106,-0.054,0.002,-1.0139,0.21,-0.1312,-3.1937,-0.1585,0.2418,0.5335
1752689887.173538,-0.0523,0.0009,-1.0117,0.0875,-0.0175,-3.1675,-0.1557,0.2402,0.5334
1752689887.2221987,-0.0551,0.004,-1.0119,0.315,0.0,-2.8175,-0.161,0.2401,0.5292
1752689887.2765913,-0.0545,0.0026,-1.0108,0.2888,-0.1488,-3.01,-0.1565,0.2416,0.5334
1752689887.3251824,-0.0525,0.0023,-1.0132,0.28,-0.21,-3.0013,-0.1596,0.2429,0.5366
1752689887.3786926,-0.0558,0.0029,-1.0124,0.1837,-0.0525,-3.0888,-0.1565,0.2418,0.5345
1752689887.4271643,-0.0548,0.0021,-1.0133,0.3063,-0.0438,-3.1412,-0.1561,0.2402,0.5379
1752689887.4806776,-0.0516,0.0034,-1.0121,-0.0175,-0.0788,-3.1325,-0.1569,0.2398,0.5312
1752689887.529006,-0.0535,0.0038,-1.0116,0.2538,0.07,-2.8788,-0.1569,0.2439,0.5375
1752689887.5828094,-0.0537,0.0027,-1.0172,0.35,0.0263,-3.115,-0.155,0.2376,0.538
1752689887.631016,-0.0535,0.0027,-1.0136,0.3413,-0.0438,-3.0888,-0.1543,0.2402,0.5303
1752689887.6858203,-0.054,0.0033,-1.0137,0.21,-0.1312,-3.1588,-0.1561,0.2426,0.5369
1752689887.7342613,-0.0539,0.0042,-1.0113,0.2275,-0.175,-2.9925,-0.1585,0.2381,0.5338
1752689887.7879508,-0.0524,0.0028,-1.0131,0.2275,-0.0525,-3.0713,-0.1602,0.2381,0.5387
1752689887.8361986,-0.0537,0.003,-1.0126,0.0788,0.0438,-3.1763,-0.1569,0.2393,0.539
1752689887.8900032,-0.0554,0.005,-1.0163,0.385,-0.0613,-3.0275,-0.1588,0.2391,0.537
1752689887.938509,-0.0547,0.0063,-0.9995,0.2187,-0.1138,-2.7388,-0.1578,0.2432,0.5334
1752689888.0022526,-0.0553,0.0037,-1.0144,0.2888,-0.0263,-2.9838,-0.161,0.2395,0.5417
1752689888.04398,-0.0564,0.0031,-1.0136,0.1663,-0.07,-2.94,-0.1576,0.2435,0.5391
1752689888.0926816,-0.0515,0.0018,-1.0124,0.0175,0.1138,-2.8525,-0.1592,0.2395,0.539
1752689888.1460745,-0.0542,0.0046,-1.011,0.3763,0.0438,-3.0625,-0.1611,0.2355,0.5407
1752689888.194502,-0.054,0.0034,-1.0112,0.3763,-0.0175,-3.0363,-0.1544,0.2418,0.5359
1752689888.2481377,-0.0537,0.0051,-1.0125,0.1138,0.0788,-2.9663,-0.1628,0.2456,0.5379
1752689888.2966692,-0.054,0.0041,-1.0139,0.2275,-0.0175,-3.01,-0.1602,0.2428,0.5373
1752689888.3502681,-0.0553,0.0048,-1.0149,0.4462,-0.0525,-2.9663,-0.1553,0.2433,0.5411
1752689888.3986497,-0.0511,0.002,-1.0141,0.0875,-0.1312,-3.115,-0.1562,0.2373,0.5447
1752689888.45326,-0.0545,0.0044,-1.0135,0.2538,0.0,-2.87,-0.1578,0.2411,0.5382
1752689888.501664,-0.0533,0.0032,-1.0122,0.4025,-0.1138,-3.1063,-0.1546,0.2415,0.5362
1752689888.555294,-0.0561,0.0029,-1.0157,0.5688,0.1225,-3.2025,-0.1554,0.2383,0.5386
1752689888.6039286,-0.0534,0.0043,-1.0127,-0.0175,-0.07,-3.045,-0.1625,0.2395,0.5397
1752689888.6573455,-0.054,0.0033,-1.0141,0.2275,-0.2625,-3.0363,-0.1546,0.2394,0.5375
1752689888.7060285,-0.0512,0.0021,-1.0118,0.21,-0.1225,-3.1675,-0.1575,0.2372,0.537
1752689888.7593987,-0.0541,0.0011,-1.0106,0.2362,-2.2313,-3.08,-0.1599,0.2393,0.54
1752689888.8076916,-0.0564,0.0019,-1.0136,0.3938,0.07,-3.4038,-0.1547,0.2393,0.5321
1752689888.8624966,-0.0545,0.0041,-1.0122,0.3325,-0.1663,-2.9838,-0.1581,0.2408,0.537
1752689888.910997,-0.0537,0.0033,-1.0117,0.28,0.0088,-3.1325,-0.1515,0.2344,0.5299
1752689888.964522,-0.0522,0.0032,-1.0137,0.035,-0.14,-3.2025,-0.1567,0.2388,0.538
1752689889.0131907,-0.0534,0.0031,-1.0146,0.385,-0.1575,-3.0188,-0.155,0.237,0.5303
1752689889.066614,-0.0544,0.0045,-1.0152,0.245,0.1138,-3.2375,-0.154,0.2381,0.526
1752689889.1148212,-0.0535,0.0036,-1.0136,0.0875,-0.07,-3.2987,-0.1582,0.2388,0.5289
1752689889.1686234,-0.0547,0.0034,-1.0116,0.4638,-0.0613,-3.0538,-0.1578,0.2369,0.5291
1752689889.2170935,-0.0548,0.0029,-1.0111,0.245,-0.0788,-3.0538,-0.156,0.2379,0.5313
1752689889.2716687,-0.0525,0.0013,-1.0111,0.14,0.1312,-2.8,-0.1589,0.2356,0.5264
1752689889.3203576,-0.0544,0.0045,-1.0141,0.28,0.1225,-3.0363,-0.1534,0.2393,0.5326
1752689889.3736668,-0.0525,0.0018,-1.0124,0.3325,0.0525,-3.0888,-0.1579,0.2428,0.5278
1752689889.4221513,-0.0534,0.0011,-1.0121,0.0175,-0.07,-3.2462,-0.1555,0.2443,0.5348
1752689889.4757888,-0.0567,0.0042,-1.011,0.28,0.0088,-2.9838,-0.159,0.2407,0.5257
1752689889.5242753,-0.0561,0.0034,-1.0125,0.2362,-0.0263,-2.9925,-0.1562,0.2362,0.5412
1752689889.5779278,-0.0544,0.0048,-1.0126,0.2275,-0.0263,-3.15,-0.1541,0.2387,0.5368
1752689889.6259725,-0.055,0.0033,-1.0104,0.28,0.0088,-2.8087,-0.1574,0.2421,0.5288
1752689889.68093,-0.0539,0.0024,-1.0138,0.2275,0.0525,-2.9138,-0.1527,0.2387,0.5359
1752689889.7291443,-0.052,0.002,-1.0111,0.2187,-0.0525,-2.9488,-0.1536,0.2383,0.5347
1752689889.783017,-0.054,0.004,-1.0125,0.1225,-0.1488,-2.9313,-0.1599,0.2398,0.5344
1752689889.8313296,-0.0536,0.0032,-1.0153,0.2713,-0.0613,-3.045,-0.1575,0.2381,0.5348
1752689889.885027,-0.0523,0.004,-1.012,0.1312,-0.1312,-3.1588,-0.1571,0.2439,0.5327
1752689889.933319,-0.0544,0.0023,-1.0097,0.385,0.0525,-3.1325,-0.156,0.2416,0.5352
1752689889.9871228,-0.0536,0.0017,-1.0121,0.1837,0.0,-3.3163,-0.154,0.2373,0.5307
1752689890.0353994,-0.0546,0.005,-1.0003,0.245,0.0613,-3.0188,-0.1515,0.2372,0.5306
1752689890.0901496,-0.0542,0.0016,-1.0116,0.2013,0.1138,-3.1763,-0.1527,0.2428,0.5368
1752689890.1382887,-0.0534,0.0041,-1.0124,0.2275,-0.1225,-2.975,-0.1525,0.243,0.5335
1752689890.1922,-0.0548,0.0033,-1.011,0.2975,0.0088,-2.9313,-0.1543,0.2412,0.5366
1752689890.240409,-0.0531,0.0029,-1.0105,0.3237,-0.1225,-3.22,-0.1529,0.2381,0.5317
1752689890.2942364,-0.0528,0.0039,-1.0116,0.5338,0.0963,-3.2113,-0.1555,0.2415,0.5341
1752689890.3429592,-0.0539,0.0021,-1.0128,0.4812,0.0088,-2.9663,-0.1537,0.24,0.5382
1752689890.396315,-0.0549,0.0034,-1.0119,0.175,-0.0438,-2.9313,-0.1544,0.2381,0.5368
1752689890.4450169,-0.0509,0.0072,-1.0129,0.0175,-0.3413,-3.1937,-0.1575,0.2422,0.5333
1752689890.4993563,-0.0525,0.0028,-1.0142,0.2187,-0.1138,-3.1763,-0.1604,0.243,0.5312
1752689890.5480542,-0.055,0.005,-1.0141,0.4638,-0.0963,-3.0188,-0.1574,0.2395,0.5377
1752689890.6013954,-0.0561,0.0058,-1.0128,0.2013,-0.1663,-3.0188,-0.1557,0.2395,0.5431
1752689890.6501348,-0.0545,0.0034,-1.0139,0.3588,-0.2713,-3.1063,-0.155,0.2394,0.5408
1752689890.7035224,-0.0526,0.0059,-1.0134,0.42,-0.0875,-2.9313,-0.1534,0.2416,0.5401
1752689890.7518919,-0.0541,0.004,-1.0135,0.28,-0.2187,-3.0888,-0.1541,0.2421,0.5431
1752689890.8054996,-0.0547,0.0052,-1.0139,0.3588,-0.175,-2.9838,-0.1586,0.2449,0.546
1752689890.8538427,-0.0539,0.0045,-1.0124,0.4025,-0.1138,-3.045,-0.1557,0.2395,0.541
1752689890.9085395,-0.0537,0.0034,-1.0106,0.4375,-0.1225,-3.0188,-0.1547,0.2433,0.5386
1752689890.9572308,-0.0554,0.0023,-1.0127,0.35,-0.0088,-3.0888,-0.1553,0.2373,0.5436
1752689891.0106719,-0.0533,0.0039,-1.0129,0.2888,0.0875,-3.045,-0.1551,0.2425,0.5415
1752689891.0593455,-0.053,0.005,-1.0123,0.2888,-0.2275,-3.1238,-0.1575,0.2386,0.5306
1752689891.1126604,-0.0519,0.0037,-1.0134,0.2187,-0.1575,-3.0888,-0.1574,0.237,0.5354
1752689891.1613667,-0.0533,0.0023,-1.0131,0.2625,-0.1225,-3.2288,-0.1575,0.2381,0.5328
1752689891.2147813,-0.0545,0.0038,-1.0165,0.3237,0.0963,-2.975,-0.1522,0.2372,0.5366
1752689891.263414,-0.0553,0.0033,-1.012,0.0525,-0.1138,-3.0538,-0.1572,0.243,0.5305
1752689891.3178046,-0.0548,0.0026,-1.0123,0.2713,-0.1488,-3.0975,-0.1534,0.2402,0.5373
1752689891.3663473,-0.0523,0.0035,-1.0127,0.1138,0.0263,-2.94,-0.1568,0.237,0.5299
1752689891.4198594,-0.0551,0.0045,-1.0121,0.1225,0.0963,-3.185,-0.156,0.2387,0.5384
1752689891.4684787,-0.0544,0.0015,-1.0135,0.3588,-0.14,-2.9313,-0.1553,0.2423,0.5355
1752689891.521985,-0.0545,0.0046,-1.0113,0.21,-0.1663,-3.325,-0.1555,0.2405,0.5306
1752689891.5703907,-0.0539,0.0014,-1.0138,0.175,-0.0963,-2.7125,-0.1575,0.2397,0.5351
1752689891.624969,-0.0541,0.0041,-1.0131,0.1488,-0.0875,-3.0625,-0.1522,0.2395,0.539
1752689891.6733778,-0.0529,0.0027,-1.011,0.3588,-0.0788,-3.045,-0.1572,0.2432,0.5312
1752689891.7270558,-0.0539,0.0034,-1.0137,0.35,0.0175,-3.115,-0.1547,0.2421,0.537
1752689891.7754054,-0.0529,0.0037,-1.0141,0.2275,-0.28,-3.045,-0.1572,0.2432,0.5393
1752689891.8290884,-0.0536,0.0035,-1.0146,0.0963,-0.1575,-3.2113,-0.1578,0.2391,0.5306
1752689891.8775046,-0.0526,0.0034,-1.0121,0.2013,-0.07,-2.9575,-0.1541,0.2457,0.5341
1752689891.9311352,-0.0553,0.0034,-1.0117,0.14,-0.07,-2.87,-0.1551,0.2415,0.5372
1752689891.9793959,-0.0526,0.0029,-1.0147,0.1663,0.0088,-3.0713,-0.1568,0.2444,0.5345
1752689892.0341978,-0.054,0.0027,-1.0111,0.0175,-0.0788,-3.1238,-0.1576,0.2437,0.5404
1752689892.082412,-0.0537,0.0021,-1.0142,0.105,-0.1575,-3.1763,-0.1557,0.2432,0.5355
1752689892.1362677,-0.0541,0.002,-1.0141,0.2187,-0.0175,-3.15,-0.1578,0.2446,0.5345
1752689892.1848388,-0.052,0.0018,-1.0126,0.3938,0.0088,-3.1325,-0.1595,0.2444,0.5463
1752689892.238333,-0.0526,0.0023,-1.0135,0.28,-0.0175,-2.8,-0.1572,0.2444,0.541
1752689892.286522,-0.0545,0.002,-1.0119,0.245,-0.2013,-3.1412,-0.1564,0.2414,0.5377
1752689892.3403194,-0.0546,0.0036,-1.0146,0.2275,-0.1837,-3.2813,-0.1583,0.2398,0.5365
1752689892.3891227,-0.054,0.003,-1.0153,0.3325,-0.2013,-3.0363,-0.1578,0.2422,0.5366
1752689892.4433672,-0.052,0.0028,-1.0137,0.1138,-0.0613,-3.2113,-0.1558,0.2422,0.5394
1752689892.492055,-0.0548,0.0029,-1.0142,0.3588,-0.1312,-3.08,-0.1568,0.2377,0.5356
1752689892.545449,-0.0516,0.004,-1.0115,0.245,-0.2538,-3.2113,-0.1565,0.2404,0.5341
1752689892.59421,-0.0537,0.0027,-1.0142,0.21,-0.1488,-3.1063,-0.1593,0.2386,0.5321
1752689892.6474998,-0.0527,0.0043,-1.0137,0.0963,-0.0788,-3.1763,-0.1588,0.2384,0.5375
1752689892.695849,-0.0554,0.0038,-1.0134,0.245,-0.0875,-3.0975,-0.1635,0.2323,0.5387
1752689892.749563,-0.0542,0.0032,-1.0113,0.175,-0.07,-3.0188,-0.1569,0.2384,0.534
1752689892.7977316,-0.0556,0.004,-1.013,0.2625,-0.0788,-3.185,-0.1582,0.2426,0.5389
1752689892.8526165,-0.0542,0.004,-1.0122,0.3413,-0.2275,-3.1588,-0.1589,0.2426,0.5313
1752689892.9013414,-0.054,0.0049,-1.0106,0.21,-0.1488,-3.2638,-0.1607,0.2394,0.5328
1752689892.9547055,-0.0507,0.0029,-1.0131,0.2538,-0.1312,-3.185,-0.1567,0.2409,0.531
1752689893.002987,-0.0529,0.0038,-1.0104,0.28,-0.0525,-2.9225,-0.1604,0.2404,0.5347
1752689893.0567205,-0.0541,0.0045,-1.0145,0.35,-0.2187,-3.1763,-0.1555,0.2418,0.5338
1752689893.1050303,-0.0553,0.0023,-1.0117,-0.0088,-0.175,-3.1412,-0.16,0.2418,0.5316
1752689893.1587992,-0.0553,0.0041,-1.0125,0.4025,-0.14,-2.9138,-0.1585,0.238,0.5274
1752689893.2071881,-0.0531,0.0041,-1.0126,0.2625,-0.1488,-2.8963,-0.1603,0.2407,0.5271
1752689893.2618144,-0.0531,0.0039,-1.0128,0.2362,-0.175,-3.1325,-0.1588,0.2409,0.5405
1752689893.310014,-0.0555,0.0032,-0.9997,0.1663,0.0088,-2.8438,-0.1607,0.2397,0.5299
1752689893.3639312,-0.0543,0.002,-1.0134,0.2538,-0.2187,-3.1763,-0.1597,0.2408,0.5216
1752689893.4124157,-0.0558,0.0029,-1.0111,0.0613,-0.14,-3.2025,-0.1592,0.2387,0.537
1752689893.4659998,-0.0545,0.0035,-1.0157,0.4462,-0.0963,-3.1063,-0.1561,0.237,0.5319
1752689893.514392,-0.0536,0.0024,-1.0127,0.0788,-0.0263,-3.1588,-0.1589,0.2387,0.5351
1752689893.5680735,-0.0545,0.004,-1.0122,0.3325,-0.1312,-3.0275,-0.1565,0.2416,0.5349
1752689893.6163108,-0.0531,0.0045,-1.0135,0.2713,-0.0263,-3.2113,-0.1548,0.2402,0.5326
1752689893.6711009,-0.0519,0.0051,-1.0131,0.3063,-0.1312,-3.2638,-0.1579,0.239,0.5362
1752689893.7193213,-0.0539,0.0037,-1.0121,0.0613,-0.1488,-3.0013,-0.1572,0.244,0.5348
1752689893.7731216,-0.0533,0.0005,-1.0128,0.3588,-0.0525,-2.8875,-0.1567,0.2383,0.5302
1752689893.8215232,-0.0541,0.0046,-1.0129,0.2888,-0.105,-3.0713,-0.1567,0.2386,0.5365
1752689893.8752015,-0.0544,0.0022,-1.0138,0.245,-0.14,-2.9313,-0.1574,0.239,0.5303
1752689893.92375,-0.0528,0.0023,-1.0125,0.2625,0.0088,-3.045,-0.1572,0.2442,0.5375
1752689893.9772532,-0.0546,0.0014,-1.013,0.2362,-0.0438,-3.0538,-0.1611,0.2412,0.5324
1752689894.0260792,-0.0528,0.0041,-1.0119,0.175,-0.2713,-3.1238,-0.1569,0.2422,0.5342
1752689894.080288,-0.0529,0.0034,-1.0123,0.0263,-0.2888,-3.1412,-0.1582,0.2415,0.532
1752689894.1444077,-0.0539,0.0029,-1.0134,0.0875,-0.245,-3.0538,-0.1574,0.2366,0.5377
1752689894.1824179,-0.0557,0.0041,-1.0118,0.3325,-0.0263,-3.1325,-0.1589,0.2386,0.5345
1752689894.2310932,-0.0529,0.0018,-1.013,0.2538,-0.1312,-3.1238,-0.1634,0.2387,0.5289
1752689894.2843585,-0.0532,0.0031,-1.0151,0.105,-0.0788,-3.1763,-0.1585,0.2416,0.5323
1752689894.3326395,-0.0505,0.0037,-1.0136,0.07,-0.1488,-2.9313,-0.1618,0.2416,0.5342
1752689894.387464,-0.0547,0.0012,-1.0119,0.2187,-0.0263,-3.1063,-0.1572,0.2407,0.5312
1752689894.4358187,-0.0543,0.0042,-1.0119,0.0438,-0.1925,-3.1763,-0.1571,0.2422,0.5309
1752689894.489537,-0.055,0.0026,-1.0119,0.3237,-0.1225,-2.9838,-0.1547,0.2439,0.532
1752689894.537831,-0.0554,0.0025,-1.0134,0.4812,0.0438,-3.2462,-0.1581,0.2425,0.5377
